start_time,end_time,speaker,text
"08:00:00","08:01:20","Alice","Good morning, everyone!"
"08:05:30","08:06:45","Bob","Let's discuss the agenda for today's meeting."
"08:08:15","08:10:00","Charlie","I have some updates regarding the project timeline."
"08:12:40","08:13:10","Alice","bon can you take care of the documentation tasks?"
"08:15:30","08:16:10","David","I can handle the documentation tasks."
"08:18:00","08:19:30","Alice","Great, David. Please make sure to complete them by Friday."
"08:21:15","08:22:00","Bob","We also need to address the customer feedback received last week."
"08:23:45","08:24:20","Alice","I will compile the feedback and share it with the team."
"08:26:00","08:26:45","Charlie","Should we schedule a separate meeting to discuss the feedback in detail?"
"08:28:10","08:28:45","David","I think it would be helpful to have a dedicated session for that."
"08:30:20","08:31:15","Alice","Alright, let's plan a feedback discussion meeting for next Monday."
"08:33:00","08:33:45","Bob","I'll book a meeting room for Monday's feedback session."
"08:35:30","08:36:00","Charlie","Are there any pending action items from the previous meeting?"
"08:37:20","08:38:10","Alice","We need to finalize the budget for the upcoming project."
"08:39:45","08:40:30","David","I'll review the cost estimates and propose a budget plan by the end of the week."
"08:42:10","08:42:45","Bob","We should also address the performance issues reported by the testing team."
"08:44:20","08:45:00","Alice","Let's prioritize the performance issues and assign them to the respective team members."
"08:46:40","08:47:20","Charlie","I can take care of the database optimization tasks."
"08:49:00","08:49:45","David","I'll handle the code refactoring tasks to improve performance."
"08:51:20","08:52:05","Alice","Great, let's make sure to resolve those issues before the next release."
"08:53:40","08:54:20","Bob","Do we have any other important topics to discuss today?"
"08:55:50","08:56:30","Charlie","We should plan for the upcoming team-building event."
"08:58:15","08:58:45","Alice","Let's brainstorm some ideas for the team-building activities."
"09:00:00","09:01:15","David","I suggest organizing a team lunch and some team-building games."
"09:02:40","09:03:30","Bob","We can also consider a team outing or a recreational activity."
"09:05:10","09:05:45","Charlie","I like the idea of a team outing. It will help foster better team bonding."
"09:07:20","09:07:55","Alice","Agreed. Let's research some options and finalize the plan by the end of the week."
"09:10:00","09:10:40","David","We should also discuss the marketing strategy for the new product launch."
"09:12:15","09:13:00","Alice","Yes, marketing plays a crucial role in the success of the launch."
"09:14:30","09:15:20","Bob","Let's allocate a budget for advertising and plan the marketing campaigns."
"09:16:50","09:17:30","Charlie","We can leverage social media platforms to reach our target audience."
"09:19:05","09:19:45","David","I'll coordinate with the marketing team to create engaging content."
"09:21:20","09:22:00","Alice","We should also consider reaching out to industry influencers for endorsements."
"09:23:35","09:24:15","Bob","I'll research and compile a list of potential influencers to collaborate with."
"09:25:50","09:26:30","Charlie","Let's schedule a separate meeting to dive deeper into the marketing strategy."
"09:28:00","09:28:40","David","Agreed, we need to discuss our target market and promotional channels."
"09:30:15","09:31:00","Alice","I'll send out a calendar invite for the marketing strategy meeting."
"09:32:30","09:33:15","Bob","We should also address the customer support tickets received recently."
"09:34:45","09:35:30","Charlie","I'll review the open tickets and prioritize them based on urgency."
"09:37:00","09:37:45","David","We need to ensure timely resolution and customer satisfaction."
"09:39:15","09:40:00","Alice","Let's assign the tickets to the appropriate support agents."
"09:41:30","09:42:15","Bob","I'll handle the high-priority tickets that require technical expertise."
"09:43:45","09:44:30","Charlie","I can assist with the general inquiries and provide basic troubleshooting."
"09:46:00","09:46:45","David","We should also consider implementing a self-service knowledge base."
"09:48:15","09:49:00","Alice","That's a great idea. It will empower customers to find solutions on their own."
"09:50:30","09:51:15","Bob","I'll explore knowledge base software options and present a recommendation."
"09:52:45","09:53:30","Charlie","We should share important updates about the product roadmap with the team."
"09:55:00","09:55:45","David","Let's schedule a monthly team meeting to discuss the roadmap and progress."
"09:57:15","09:58:00","Alice","I'll create a presentation summarizing the upcoming features and timelines."
"09:59:30","10:00:15","Bob","We should also gather feedback from the team and incorporate their ideas."
"10:01:45","10:02:30","Charlie","I can compile the feedback and present it in the team meeting."
"10:04:00","10:04:45","David","Let's make sure to align the roadmap with the company's strategic goals."
"10:06:15","10:07:00","Alice","Agreed. The roadmap should reflect our vision and customer needs."
"10:08:30","10:09:15","Bob","Do we have any other pressing topics to address in today's meeting?"
"10:10:45","10:11:30","Charlie","We should discuss the upcoming team training sessions."
"10:13:00","10:13:45","David","Training sessions are crucial for skill development and knowledge sharing."
"10:15:15","10:16:00","Alice","Let's identify the topics and schedule the sessions accordingly."
"10:17:30","10:18:15","Bob","I'll coordinate with the trainers and arrange the training logistics."
"10:19:45","10:20:30","Charlie","We should also encourage cross-team collaboration and learning."
"10:22:00","10:22:45","David","Agreed. Sharing knowledge and best practices benefits the entire organization."
"10:24:15","10:25:00","Alice","Let's prioritize the training topics based on the team's needs."
"10:26:30","10:27:15","Bob","Do we need to set up any recurring meetings for regular updates?"
"10:28:45","10:29:30","Charlie","We can schedule a weekly team sync-up meeting to discuss progress."
"10:31:00","10:31:45","David","I suggest having a bi-weekly meeting with stakeholders to align expectations."
"10:33:15","10:34:00","Alice","Let's also have a monthly meeting with the senior management to provide updates."
"10:35:30","10:36:15","Bob","I'll create the recurring meetings and share the calendar invites."
"10:37:45","10:38:30","Charlie","Are there any action items from today's meeting that we need to track?"
"10:40:00","10:40:45","David","We should create a shared document to track and monitor action items."
"10:42:15","10:43:00","Alice","Agreed. The document will help us stay organized and accountable."
"10:44:30","10:45:15","Bob","I'll create the document and share the link with the team."
"10:46:45","10:47:30","Charlie","Let's make sure to review the action items in the next meeting."
"10:49:00","10:49:45","David","That's a good practice to ensure progress and follow-up on tasks."
"10:51:15","10:52:00","Alice","Thank you, everyone, for the productive meeting today!"
"10:53:30","10:54:15","Bob","Let's keep up the momentum and continue driving towards our goals."
"10:55:45","10:56:30","Charlie","Absolutely! Together, we can achieve great things."
"10:58:00","10:58:45","David","I look forward to our next meeting. Have a great day, everyone!"
"11:00:15","11:01:00","Alice","You too, David. Take care, everyone!"

